"","x","Index","y","Index2","RcrdCnt"
"1",213,1,24.4000000001131,1,1
"2",214,2,24.8999999998897,2,1
"3",215,3,24.899999999873,3,1
"4",216,4,24.4000000001243,4,1
"5",241,5,22.2000000002003,5,1
"6",242,6,22.3999999997425,6,1
"7",243,7,21.79999999963,7,1
"8",244,8,20.8000000007168,8,1
"9",245,9,20.6999999997103,9,1
