"","x","Index","y","Index2","pstRcrdCnt"
"1",206,1,24.5000000000007,1,1
"2",207,2,26.5000000000075,2,1
"3",208,3,27.4999999999697,3,1
"4",209,4,26.5000000000446,4,1
"5",210,5,28.4999999999784,5,1
"6",211,6,27.4999999999726,6,1
"7",212,7,23.5000000000448,7,1
"8",213,8,23.9999999999863,8,1
"9",214,9,24.4999999999813,9,1
"10",215,10,23.0000000000253,10,1
"11",216,11,22.9999999999806,11,1
"12",217,12,22.500000000012,12,1
"13",218,13,22.9999999999961,13,1
